Season,Week,Spread,Total,Under,Distance
2024,6,-6.5,51.5,0,0.0
2016,7,-7.0,51.5,1,0.5
2019,1,-6.5,52.0,0,0.5
2022,5,-7.0,51.5,0,0.5
2015,1,-6.0,51.5,0,0.5
2020,2,-7.0,51.0,0,0.7071067811865476
2015,1,-7.0,52.0,1,0.7071067811865476
