Season,Week,Spread,Total,Under,Distance
2020,16,9.5,47.0,0,0.5
2016,5,10.0,47.5,1,0.5
2020,7,9.5,47.0,1,0.5
2017,1,10.0,47.0,1,0.7071067811865476
2015,16,10.0,47.0,1,0.7071067811865476
2019,16,9.5,48.5,1,1.0
2015,17,9.0,46.5,1,1.118033988749895
