Season,Week,Spread,Total,Under,Distance
2015,1,-6.0,51.5,0,0.0
2018,5,-5.5,51.5,0,0.5
2022,2,-5.5,51.5,0,0.5
2024,6,-6.5,51.5,0,0.5
2017,16,-5.5,52.0,1,0.7071067811865476
2019,10,-5.5,51.0,0,0.7071067811865476
2019,1,-6.5,52.0,0,0.7071067811865476
