Season,Week,Spread,Total,Under,Distance
2025,15,-12.5,38.0,1,0.5
2017,6,-13.5,37.5,1,1.0
2018,16,-11.5,37.5,0,1.0
2017,17,-13.5,38.5,1,1.4142135623730951
2023,9,-13.5,38.5,1,1.4142135623730951
2025,16,-14.0,38.5,0,1.8027756377319946
2019,9,-10.5,37.0,1,2.0615528128088303
