Season,Week,Spread,Total,Under,Distance
2017,14,10.5,48.0,1,0.5
2019,16,9.5,48.5,1,1.0
2016,5,10.0,47.5,1,1.118033988749895
2020,11,11.0,47.5,1,1.118033988749895
2018,14,9.5,49.5,0,1.4142135623730951
2017,6,9.0,48.5,1,1.5
2017,10,10.5,47.0,1,1.5
