Season,Week,Spread,Total,Under,Distance
2023,18,3.0,34.5,1,0.0
2023,8,3.5,34.5,1,0.5
2024,17,3.0,33.5,1,1.0
2023,8,2.5,35.5,0,1.118033988749895
2023,3,2.5,35.5,1,1.118033988749895
2019,17,2.0,35.0,0,1.118033988749895
2025,5,3.5,35.5,0,1.118033988749895
