Season,Week,Spread,Total,Under,Distance
2020,9,9.0,42.0,0,0.7071067811865476
2022,11,8.0,43.0,0,0.7071067811865476
2017,16,7.5,42.5,1,1.0
2022,17,9.5,42.5,0,1.0
2015,13,9.0,43.5,1,1.118033988749895
2021,13,7.5,42.0,0,1.118033988749895
2020,14,7.5,43.0,0,1.118033988749895
