Season,Week,Spread,Total,Under,Distance
2019,13,-11.5,49.5,1,0.0
2021,11,-11.0,50.0,1,0.7071067811865476
2018,5,-10.5,49.5,0,1.0
2018,17,-10.5,49.5,0,1.0
2015,10,-10.5,49.5,1,1.0
2018,10,-11.0,48.5,1,1.118033988749895
2020,4,-11.0,48.5,1,1.118033988749895
