Season,Week,Spread,Total,Under,Distance
2020,4,-8.5,45.5,1,0.0
2018,15,-8.5,45.0,1,0.5
2015,5,-9.0,45.5,1,0.5
2024,9,-9.0,45.5,0,0.5
2020,13,-8.0,45.5,0,0.5
2021,17,-8.0,45.0,1,0.7071067811865476
2025,5,-9.0,45.0,0,0.7071067811865476
