Season,Week,Spread,Total,Under,Distance
2020,9,-4.5,50.5,0,0.0
2015,14,-4.5,50.5,1,0.0
2015,16,-4.5,50.5,1,0.0
2022,7,-4.5,50.5,0,0.0
2018,14,-4.0,50.5,0,0.5
2015,17,-5.0,51.0,0,0.7071067811865476
2017,4,-5.0,51.0,0,0.7071067811865476
