Season,Week,Spread,Total,Under,Distance
2018,16,-11.5,37.5,0,1.0
2019,13,-10.5,38.5,0,1.0
2017,15,-10.5,39.0,0,1.118033988749895
2025,15,-12.5,38.0,1,1.118033988749895
2015,16,-12.0,40.0,0,1.5811388300841898
2018,3,-10.0,39.0,1,1.5811388300841898
2019,9,-10.5,37.0,1,1.8027756377319946
