Season,Week,Spread,Total,Under,Distance
2017,4,-12.5,41.5,0,0.0
2022,11,-13.0,41.5,1,0.5
2025,13,-12.0,41.5,1,0.5
2018,12,-13.0,42.0,0,0.7071067811865476
2023,11,-13.0,41.0,0,0.7071067811865476
2021,11,-12.5,42.5,1,1.0
2017,15,-12.5,42.5,1,1.0
