Season,Week,Spread,Total,Under,Distance
2018,16,1.0,54.5,0,0.5
2021,3,2.0,55.0,1,0.7071067811865476
2015,1,2.5,54.5,1,1.0
2021,5,2.5,54.5,1,1.0
2021,3,1.5,55.5,0,1.0
2022,6,2.5,54.0,1,1.118033988749895
2020,15,2.5,54.0,0,1.118033988749895
