Season,Week,Spread,Total,Under,Distance
2017,3,-13.5,44.5,0,0.0
2017,13,-13.5,45.0,1,0.5
2024,14,-13.5,45.0,1,0.5
2016,13,-13.0,44.5,1,0.5
2018,16,-13.5,45.0,1,0.5
2017,8,-13.0,45.0,1,0.7071067811865476
2019,8,-14.0,44.0,1,0.7071067811865476
