Season,Week,Spread,Total,Under,Distance
2015,12,-8.5,44.5,1,0.0
2016,1,-9.0,44.5,1,0.5
2017,9,-8.0,44.5,1,0.5
2018,15,-8.5,45.0,1,0.5
2015,5,-9.0,45.0,1,0.7071067811865476
2021,17,-8.0,45.0,1,0.7071067811865476
2016,12,-8.0,45.0,0,0.7071067811865476
