Season,Week,Spread,Total,Under,Distance
2019,8,-12.5,47.5,1,0.0
2019,17,-12.5,47.5,0,0.0
2023,5,-13.0,47.5,1,0.5
2019,11,-13.0,48.0,1,0.7071067811865476
2021,13,-13.0,48.0,1,0.7071067811865476
2023,17,-12.0,48.0,0,0.7071067811865476
2020,10,-13.5,47.5,1,1.0
