Season,Week,Spread,Total,Under,Distance
2023,13,9.0,49.5,0,0.5
2015,5,9.0,49.5,1,0.5
2025,10,8.0,49.0,0,0.7071067811865476
2016,12,8.0,50.0,1,0.7071067811865476
2020,8,7.5,49.5,0,1.0
2022,15,8.5,48.5,1,1.0
2020,2,7.5,49.5,1,1.0
