Season,Week,Spread,Total,Under,Distance
2020,15,14.5,40.5,0,1.0
2022,7,13.0,39.5,1,1.118033988749895
2022,17,12.5,39.5,0,1.4142135623730951
2019,5,15.5,42.0,1,2.5
2015,14,11.0,41.0,0,2.5495097567963922
2018,16,14.5,43.0,1,2.692582403567252
2017,8,11.0,38.5,0,3.2015621187164243
