Season,Week,Spread,Total,Under,Distance
2021,5,2.5,54.5,1,0.0
2015,1,2.5,54.5,1,0.0
2022,6,2.5,54.0,1,0.5
2019,7,3.0,54.5,1,0.5
2020,15,2.5,54.0,0,0.5
2020,6,3.0,55.0,1,0.7071067811865476
2021,3,2.0,55.0,1,0.7071067811865476
