Season,Week,Spread,Total,Under,Distance
2023,15,-9.0,36.5,1,0.5
2018,15,-7.5,36.5,1,1.0
2023,18,-7.5,37.0,0,1.118033988749895
2024,17,-8.0,37.5,0,1.118033988749895
2017,17,-8.0,38.0,0,1.5811388300841898
2023,11,-9.0,38.0,0,1.5811388300841898
2025,15,-7.5,38.0,1,1.8027756377319946
