Season,Week,Spread,Total,Under,Distance
2018,16,14.5,43.0,1,1.118033988749895
2019,17,13.5,44.0,1,1.5
2020,9,14.0,44.0,1,1.5811388300841898
2021,18,15.0,43.5,1,1.8027756377319946
2019,4,15.0,43.5,1,1.8027756377319946
2023,16,12.5,44.0,0,1.8027756377319946
2018,8,13.5,44.5,1,2.0
