Season,Week,Spread,Total,Under,Distance
2022,9,-5.0,40.5,1,0.5
2018,17,-6.0,40.5,1,0.5
2017,10,-5.0,40.5,1,0.5
2017,14,-6.0,40.5,1,0.5
2024,3,-5.5,40.0,0,0.5
2021,10,-6.0,41.0,1,0.7071067811865476
2020,2,-6.0,41.0,0,0.7071067811865476
