Season,Week,Spread,Total,Under,Distance
2017,6,-13.5,37.5,1,0.0
2017,17,-13.5,38.5,1,1.0
2023,9,-13.5,38.5,1,1.0
2025,15,-12.5,38.0,1,1.118033988749895
2025,16,-14.0,38.5,0,1.118033988749895
2018,16,-11.5,37.5,0,2.0
2022,18,-14.0,39.5,0,2.0615528128088303
