Season,Week,Spread,Total,Under,Distance
2018,14,-5.5,37.5,0,0.0
2017,16,-5.5,37.0,1,0.5
2021,18,-5.5,37.0,0,0.5
2017,7,-5.0,37.5,0,0.5
2017,1,-5.5,38.0,1,0.5
2017,2,-5.0,38.0,1,0.7071067811865476
2019,10,-6.0,38.0,1,0.7071067811865476
