Season,Week,Spread,Total,Under,Distance
2019,13,10.5,45.0,0,0.5
2021,16,11.0,45.5,0,0.5
2022,9,11.0,46.0,1,0.7071067811865476
2021,18,11.0,45.0,0,0.7071067811865476
2020,6,10.5,46.5,0,1.0
2016,17,11.5,45.0,0,1.118033988749895
2021,15,9.5,45.0,0,1.118033988749895
