Season,Week,Spread,Total,Under,Distance
2025,15,-7.5,38.0,1,0.5
2023,18,-7.5,37.0,0,0.5
2024,17,-8.0,37.5,0,0.5
2018,10,-7.0,38.0,0,0.7071067811865476
2017,17,-8.0,38.0,0,0.7071067811865476
2021,17,-6.5,37.5,1,1.0
2022,16,-6.5,37.5,0,1.0
