Season,Week,Spread,Total,Under,Distance
2021,18,7.0,37.5,1,0.5
2017,12,6.0,37.5,0,0.5
2024,6,7.0,37.5,0,0.5
2023,14,6.0,37.0,0,0.7071067811865476
2019,15,7.0,38.0,0,0.7071067811865476
2022,1,6.0,38.0,1,0.7071067811865476
2019,13,5.5,37.5,0,1.0
