Season,Week,Spread,Total,Under,Distance
2015,7,-8.0,49.0,1,0.7071067811865476
2015,13,-8.0,49.0,0,0.7071067811865476
2020,13,-8.0,50.0,1,0.7071067811865476
2016,2,-7.5,49.5,1,1.0
2020,5,-8.5,50.5,0,1.0
2016,10,-7.5,49.5,0,1.0
2020,10,-9.5,50.0,1,1.118033988749895
