Season,Week,Spread,Total,Under,Distance
2018,9,-6.0,55.5,0,0.5
2015,2,-5.0,55.0,1,0.7071067811865476
2018,9,-5.0,56.0,1,0.7071067811865476
2021,1,-5.5,54.5,0,1.0
2020,3,-4.5,55.5,1,1.0
2020,4,-5.0,56.5,1,1.118033988749895
2018,7,-6.5,56.0,1,1.118033988749895
